Row Labels,Sum of USD Avg. Store Daily Sales
B3G3,74.30326921
B3G3,74.30326921
Base,967.5332076
Base,-630.5653965
Day of Week,210.9555048
Labor,1049.892899
Operating Hours,337.2502
CLX,5.108525282
CLX,5.108525282
Holiday/Seasonality,376.9027463
Holiday,128.9170814
Seasonality,247.9856649
Other Promo,-19.37724665
ES342,-11.08947872
Other Promo,-8.287767929
Weather,-174.8805018
Weather,-174.8805018
Grand Total,1229.59
